{
    "rmse": 28519.35517608331,
    "mae": 16959.980258109048,
    "r2": 0.8939610131707991
}