{
    "rmse": 30939.703386191726,
    "mae": 17949.997206796004,
    "r2": 0.8751988872743688
}