{
    "rmse": 30420.08547571225,
    "mae": 15821.008687189722,
    "r2": 0.8987175131927471
}